id,title,body,author,score,upvote_ratio,num_comments,created_utc,subreddit,keyword,method,time_filter,year,month
16ubn2x,Eu n√£o acredito nisso! ,,modterror,3054,0.99,235,1695894662.0,botecodoreddit,Transformers,praw_search_all,all,2023,9
1l3fm0q,Criaram um programa de TV brasileiro feito por IA,,Lucsdf,2111,0.97,192,1749067577.0,botecodoreddit,Algoritmos de IA,praw_search_all,all,2025,6
18a89g1,Sinto uma paz escutando isso.,,iAskann,1374,0.98,44,1701651104.0,botecodoreddit,√âtica em IA,praw_search_all,all,2023,12
1ig9qg2,Torturador da Ditadura mandando prender rep√≥rter ao vivo. Este rep√≥rter √© cabra macho em colocar o of√≠cio a frente de sua pr√≥pria seguran√ßa.,,Area51tecnologia,954,0.96,127,1738535597.0,botecodoreddit,Seguran√ßa em IA,praw_search_all,all,2025,2
18j804c,Mini-influencers ,,donodoboteco,797,0.95,66,1702668163.0,botecodoreddit,Sustentabilidade da IA,praw_search_all,all,2023,12
1eeubof,Como usar o chat gpt,,donodoboteco,789,1.0,20,1722241533.0,botecodoreddit,GPT,praw_search_all,all,2024,7
1al0vty,Vcs j√° conhecem a iniciativa r/antitrampo? ‚úäüèº,,punkinho,757,0.93,172,1707305536.0,botecodoreddit,agi,praw_search_all,all,2024,2
1lrggsu,"Eita porra, agora √© na base da IA?",,Tonho_O_Faxineiro,729,0.97,76,1751628611.0,botecodoreddit,Sustentabilidade da IA,praw_search_all,all,2025,7
1dnk68c,Imagina se a moda pega? ,,modterror,657,0.98,35,1719252600.0,botecodoreddit,Sustentabilidade da IA,praw_search_all,all,2024,6
1ly3w61,Quem precisa de IA num pa√≠s que faz essa beleza.,,Tonho_O_Faxineiro,647,0.98,37,1752335909.0,botecodoreddit,Algoritmos de IA,praw_search_all,all,2025,7
1kx3qkm,E se os personagens de IA soubessem que est√£o em uma simula√ß√£o?,,GenesisJun10r,584,0.96,113,1748392970.0,botecodoreddit,Algoritmos de IA,praw_search_all,all,2025,5
16vhuuj,ü§î ,,donodoboteco,518,0.99,5,1696008743.0,botecodoreddit,Algoritmos de IA,praw_search_all,all,2023,9
19c2d7h,üòÅ,,punkinho,498,0.99,7,1705840023.0,botecodoreddit,Sustentabilidade da IA,praw_search_all,all,2024,1
w3bpx0,carro maneiro hein!,,donodoboteco,480,0.99,20,1658287124.0,botecodoreddit,Treinamento de Modelo,praw_search_all,all,2022,7
1ihy9he,r/futebola,,punkinho,476,0.97,11,1738718454.0,botecodoreddit,Sustentabilidade da IA,praw_search_all,all,2025,2
xvmnst,ü§îü§îü§î,,donodoboteco,434,0.99,19,1664908054.0,botecodoreddit,Algoritmos de IA,praw_search_all,all,2022,10
16p7o18,Sextou hein! ,,punkinho,434,0.99,17,1695381640.0,botecodoreddit,√âtica em IA,praw_search_all,all,2023,9
1aoxkrw,O menino de v√≥ vai deixar vov√≥ ,,donodoboteco,434,0.97,24,1707736073.0,botecodoreddit,GPT,praw_search_all,all,2024,2
163lpbq,V√° em paz doce pr√≠ncipe,,modterror,417,0.98,22,1693228209.0,botecodoreddit,Sustentabilidade da IA,praw_search_all,all,2023,8
1k06hal,Review de boteco,,punkinho,413,0.99,17,1744760333.0,botecodoreddit,GPT,praw_search_all,all,2025,4
13oqdid,Segundamos!,,punkinho,390,0.98,53,1684760683.0,botecodoreddit,agi,praw_search_all,all,2023,5
1lod2e8,S√≥ assim pra ter disposi√ß√£o na segunda.,,Key_Fly6585,362,0.96,105,1751303226.0,botecodoreddit,gemini,praw_search_all,all,2025,6
vm2iuy,Conhece Boquete?,,modterror,316,0.99,11,1656355061.0,botecodoreddit,√âtica em IA,praw_search_all,all,2022,6
16njddz,N√© Croque? ,,donodoboteco,305,1.0,22,1695210976.0,botecodoreddit,Sustentabilidade da IA,praw_search_all,all,2023,9
113qsa5,A pastora apple t√° de volta!,,donodoboteco,302,0.9,124,1676554580.0,botecodoreddit,GPT,praw_search_all,all,2023,2
18msoap,üò®üò®üò®,,donodoboteco,291,0.99,15,1703072472.0,botecodoreddit,Treinamento de Modelo,praw_search_all,all,2023,12
1dtifww,Seguran√ßa em primeiro lugar ,,punkinho,287,1.0,13,1719915718.0,botecodoreddit,Seguran√ßa em IA,praw_search_all,all,2024,7
15d0xq8,Celta de p** duro!,,punkinho,283,0.99,6,1690659683.0,botecodoreddit,Transformers,praw_search_all,all,2023,7
1gtb0v7,Domingamos boteco :) ,,modterror,281,0.96,7,1731840412.0,botecodoreddit,llama,praw_search_all,all,2024,11
1ev6v6z,‚ù§Ô∏è ,,donodoboteco,272,0.97,9,1723979903.0,botecodoreddit,Sustentabilidade da IA,praw_search_all,all,2024,8
12jy25w,ü•∞ü•∞ü•∞,,modterror,268,0.96,5,1681331446.0,botecodoreddit,√âtica em IA,praw_search_all,all,2023,4
1hlm4g2,"Netinhos: Nesse dia 24, √© seu dever salvar seus v√©i das IA e das fake news!",,Tonho_O_Faxineiro,266,0.98,7,1735073093.0,botecodoreddit,Sustentabilidade da IA,praw_search_all,all,2024,12
1kxv4kp,Agora o Minist√©rio do Amor vem!!,"Foi promessa de campanha que todo brasileiro ia namorar, agora vai sair do papel!!
Vencemo galera!!!

(/s t√¥ postando pelo meme‚Ä¶ por mim, pode prender os dois, antes que venham transformar isso aqui em rinha de bobo)",69Jagermeister69,261,0.94,29,1748472834.0,botecodoreddit,Algoritmos de IA,praw_search_all,all,2025,5
1lwu7dd,"""Deu ruim no Grok"", hoje, na sess√£o da tarde.","Isso √© que d√°, o Elon ficar sem ter o que fazer. Agora a porra da IA n√£o para de ""mandar o cora√ß√£o pra plat√©ia"", se √© que voc√™ me entende. ",Tonho_O_Faxineiro,255,0.86,66,1752197467.0,botecodoreddit,Algoritmos de IA,praw_search_all,all,2025,7
1jr766s,IA geradora de lero-lero,,donodoboteco,252,0.93,27,1743756117.0,botecodoreddit,Algoritmos de IA,praw_search_all,all,2025,4
1hcmy4r,Mago Supremo ,,Wide_Yam4824,250,0.97,4,1734015676.0,botecodoreddit,Algoritmos de IA,praw_search_all,all,2024,12
15d0uev,Limpeza de pele org√¢nica,,modterror,246,0.95,12,1690659448.0,botecodoreddit,Sustentabilidade da IA,praw_search_all,all,2023,7
1ib5wmx,Quando o r/F1Brasil encontra o r/Farialimabets,,donodoboteco,238,0.99,16,1737975412.0,botecodoreddit,Algoritmos de IA,praw_search_all,all,2025,1
1awpnr7,"Placa da prefeitura diz que rua n√£o ia alagar, mas a chuva mostrou que alaga sim! ",,RakonHenri,233,1.0,13,1708554955.0,botecodoreddit,Sustentabilidade da IA,praw_search_all,all,2024,2
16vi0v2,"Sai do Zap, m√£e! ",,donodoboteco,222,0.98,3,1696009126.0,botecodoreddit,Algoritmos de IA,praw_search_all,all,2023,9
1lscosg,"Esquerda erra sempre: Video de IA √© com MENTIRA, n√£o com verdades!",Esse pessoal n√£o acerta uma. Assim n√£o d√°! ,Tonho_O_Faxineiro,218,0.78,71,1751729901.0,botecodoreddit,Algoritmos de IA,praw_search_all,all,2025,7
1hqkmq3,Boato ou Morte?,,Tonho_O_Faxineiro,218,0.97,7,1735669195.0,botecodoreddit,Algoritmos de IA,praw_search_all,all,2024,12
1kiin16,@coposnabeirada 3 - O lorde n√£o para!,,Tonho_O_Faxineiro,200,0.93,12,1746797704.0,botecodoreddit,Algoritmos de IA,praw_search_all,all,2025,5
16pdekx,Porco narigudo ,,WxrldTrxsh,199,0.99,6,1695396850.0,botecodoreddit,Algoritmos de IA,praw_search_all,all,2023,9
1b8r4aq,PC Micro-ondas ,,punkinho,197,0.98,3,1709806236.0,botecodoreddit,Algoritmos de IA,praw_search_all,all,2024,3
w9nbtr,Lambur...,,donodoboteco,195,0.99,4,1658949380.0,botecodoreddit,Algoritmos de IA,praw_search_all,all,2022,7
1juaf8v,Jackie Chan vendendo coco no Brasil?,,Expensive-Nail-996,193,0.98,18,1744108642.0,botecodoreddit,√âtica em IA,praw_search_all,all,2025,4
1eqvh39,Funeral no bar ao som de Pink Floyd Another Brick in the Wallüò≤,,Brave_Evidence_1259,184,0.99,13,1723512641.0,botecodoreddit,Sustentabilidade da IA,praw_search_all,all,2024,8
1gournl,JEAN CLAUDE VAN BRAHMA,,WeedBZK,184,0.99,5,1731338821.0,botecodoreddit,claude,praw_search_all,all,2024,11
qghzvv,Em um racionamento perto de voc√™!,,donodoboteco,177,0.99,8,1635287474.0,botecodoreddit,Sustentabilidade da IA,praw_search_all,all,2021,10
1dsxe6o,Novo metodo de entrega do A√≠fode,,Altruistic_Street_52,173,0.95,9,1719851558.0,botecodoreddit,Transformers,praw_search_all,all,2024,7
1ehe9jn,ü§î Perfeito! ,,donodoboteco,161,0.93,13,1722511575.0,botecodoreddit,Algoritmos de IA,praw_search_all,all,2024,8
pp5mk7,vai pra panela sim!,,donodoboteco,157,0.96,13,1631763491.0,botecodoreddit,Algoritmos de IA,praw_search_all,all,2021,9
1gu2xia,"Sim, o user do r/carros e do r/gambiarra fez de novo ",,donodoboteco,152,0.99,10,1731930495.0,botecodoreddit,Transformers,praw_search_all,all,2024,11
1g17ki0,ü§î ,,modterror,152,0.99,3,1728646207.0,botecodoreddit,Sustentabilidade da IA,praw_search_all,all,2024,10
17facp1,Curiosidade do dia ,,modterror,149,0.96,3,1698146274.0,botecodoreddit,Algoritmos de IA,praw_search_all,all,2023,10
17xjxeo,Cl√°ssicos da MPB ,,donodoboteco,146,0.95,11,1700241314.0,botecodoreddit,Algoritmos de IA,praw_search_all,all,2023,11
15pvmyl,Vou desenhar pra vcs,,modterror,141,0.87,19,1691923262.0,botecodoreddit,Algoritmos de IA,praw_search_all,all,2023,8
13123es,ü§îü§îü§î,,modterror,139,0.99,5,1682621461.0,botecodoreddit,√âtica em IA,praw_search_all,all,2023,4
10fkgc6,Deixa s√≥ o Brown ver esse aqui,,donodoboteco,138,0.97,8,1674081033.0,botecodoreddit,Sustentabilidade da IA,praw_search_all,all,2023,1
12kv2td,‚ù§Ô∏è,", ",Pullguinha,137,0.95,9,1681403997.0,botecodoreddit,Algoritmos de IA,praw_search_all,all,2023,4
10telog,J√° √© carnaval!,,ContinueReading,135,0.91,17,1675511324.0,botecodoreddit,Sustentabilidade da IA,praw_search_all,all,2023,2
1fto614,"Ol√°, vc j√° acessou o r/musicaBR? ",,punkinho,134,0.98,5,1727789476.0,botecodoreddit,Algoritmos de IA,praw_search_all,all,2024,10
1lisy2h,Making of do @coposnabeirada,,Tonho_O_Faxineiro,133,0.92,4,1750713912.0,botecodoreddit,Sustentabilidade da IA,praw_search_all,all,2025,6
vuyikg,Chu-car,,donodoboteco,123,0.97,16,1657361241.0,botecodoreddit,Transformers,praw_search_all,all,2022,7
vje630,Encontro de lendas!,,modterror,123,0.97,6,1656039323.0,botecodoreddit,Algoritmos de IA,praw_search_all,all,2022,6
13st6sg,Bombardeio de Piroca,,ludicrouscuriosity,121,0.94,25,1685147284.0,botecodoreddit,Sustentabilidade da IA,praw_search_all,all,2023,5
ymhijr,üòÇüòÇüòÇ Botafogo!!!,,donodoboteco,120,0.99,4,1667614626.0,botecodoreddit,Sustentabilidade da IA,praw_search_all,all,2022,11
12ew8cv,Deu ruim! ,,punkinho,119,1.0,6,1680895385.0,botecodoreddit,Algoritmos de IA,praw_search_all,all,2023,4
xif8xz,todos contra a intoler√¢ncia! viva o barriguinha molhe!,,eraldopontopdf,119,1.0,16,1663601396.0,botecodoreddit,Sustentabilidade da IA,praw_search_all,all,2022,9
1lisji5,Ex-policial + Programa de TV sensacionalista = ?,,Tonho_O_Faxineiro,118,0.99,10,1750712944.0,botecodoreddit,llama,praw_search_all,all,2025,6
1gxj9a5,Sextouu,,ojeffao,115,0.97,5,1732311913.0,botecodoreddit,Sustentabilidade da IA,praw_search_all,all,2024,11
1kvaynp,"Review da Semana, por Bruno Sartori.",,Tonho_O_Faxineiro,112,0.82,17,1748201593.0,botecodoreddit,Algoritmos de IA,praw_search_all,all,2025,5
14kr7q3,Bom dia :),,modterror,103,0.99,6,1687903821.0,botecodoreddit,bard,praw_search_all,all,2023,6
r4kwi2,m√£o na cabe√ßa e n√£o olha pra tr√°s,,bbbaaarr,99,0.99,5,1638152328.0,botecodoreddit,Algoritmos de IA,praw_search_all,all,2021,11
qu7oe2,Seguran√ßa em primeiro lugar!,,donodoboteco,93,1.0,3,1636949303.0,botecodoreddit,Seguran√ßa em IA,praw_search_all,all,2021,11
1hgq9qq,Um dia na justi√ßa do trabalho.,,Tonho_O_Faxineiro,92,0.91,6,1734484853.0,botecodoreddit,√âtica em IA,praw_search_all,all,2024,12
t1ljcd,Como nasce um transformer,,donodoboteco,86,0.98,2,1645842386.0,botecodoreddit,Transformers,praw_search_all,all,2022,2
1aoxlgc,Ningu√©m compraria ,,donodoboteco,86,0.91,4,1707736156.0,botecodoreddit,Algoritmos de IA,praw_search_all,all,2024,2
101kba3,Come√ßou! COME√áOU!,,donodoboteco,84,0.92,4,1672685611.0,botecodoreddit,Algoritmos de IA,praw_search_all,all,2023,1
1lnjj1y,@coposnabeirada e o estranho bicho,,Tonho_O_Faxineiro,83,0.77,8,1751216143.0,botecodoreddit,√âtica em IA,praw_search_all,all,2025,6
vuioxv,"""ela t√° l√° no quarto""",,modterror,81,1.0,5,1657308483.0,botecodoreddit,Algoritmos de IA,praw_search_all,all,2022,7
1g81z6a,ü§§,,punkinho,81,0.87,5,1729440007.0,botecodoreddit,GPT,praw_search_all,all,2024,10
sqfnys,Bunker caseiro!,,modterror,80,0.99,7,1644630263.0,botecodoreddit,Algoritmos de IA,praw_search_all,all,2022,2
zxkdht,üëçüëç,,donodoboteco,80,0.99,8,1672260116.0,botecodoreddit,√âtica em IA,praw_search_all,all,2022,12
1b6ahli,ü•∞,,donodoboteco,77,0.96,2,1709557685.0,botecodoreddit,Sustentabilidade da IA,praw_search_all,all,2024,3
1fwdt8t,"""Pedi a minha parceira/co-desenvolvedora para testar uma nova se√ß√£o cooperativa comigo para nosso futuro jogo. Ela n√£o tinha ideia que ia a pedir em casamento...""",,iAskann,75,0.89,5,1728087216.0,botecodoreddit,√âtica em IA,praw_search_all,all,2024,10
17s1avk,ü§î ü§î ,,punkinho,74,0.97,2,1699612710.0,botecodoreddit,Algoritmos de IA,praw_search_all,all,2023,11
1id5pom,COL√â MIRANHA PERDEU AT√â O BUT,,WeedBZK,74,0.95,1,1738187478.0,botecodoreddit,Sustentabilidade da IA,praw_search_all,all,2025,1
196u97t,SHORT DICK MAN na XUXA s√≥ que em PORTUGU√äS dublado por IA,,denisgomesfranco,73,0.92,8,1705276436.0,botecodoreddit,√âtica em IA,praw_search_all,all,2024,1
15zzh1z,Dollynho X Corotinho,,donodoboteco,71,0.95,8,1692877031.0,botecodoreddit,Treinamento de Modelo,praw_search_all,all,2023,8
1g4gn3k,"Parab√©ns, professores e professoras! ",,modterror,69,0.99,1,1729021806.0,botecodoreddit,Algoritmos de IA,praw_search_all,all,2024,10
x4mehj,Lady Gaga!,,donodoboteco,68,0.91,2,1662182449.0,botecodoreddit,Algoritmos de IA,praw_search_all,all,2022,9
16zkocq,Arthur Morgan ,,punkinho,67,0.96,5,1696418953.0,botecodoreddit,Sustentabilidade da IA,praw_search_all,all,2023,10
1hruc5w,Bom dia! ,,donodoboteco,65,0.95,5,1735826494.0,botecodoreddit,Algoritmos de IA,praw_search_all,all,2025,1
u4pzfu,Seguran√ßa em primeiro lugar!,,modterror,61,0.99,4,1650083494.0,botecodoreddit,Seguran√ßa em IA,praw_search_all,all,2022,4
10qhysl,Dicas de beleza do boteco!,,modterror,60,0.98,7,1675218271.0,botecodoreddit,Treinamento de Modelo,praw_search_all,all,2023,1
w2hfr3,Que onda √© essa?,,modterror,56,0.98,7,1658198123.0,botecodoreddit,Algoritmos de IA,praw_search_all,all,2022,7
18aflsi,üò∞,,punkinho,54,0.84,7,1701677184.0,botecodoreddit,Sustentabilidade da IA,praw_search_all,all,2023,12
vdc20a,E assim surgiram os transformers,,modterror,48,0.99,1,1655348924.0,botecodoreddit,Transformers,praw_search_all,all,2022,6
1b3rmis,Tudo normal por aqui... ,,punkinho,47,0.92,6,1709290891.0,botecodoreddit,Algoritmos de IA,praw_search_all,all,2024,3
18dmlds,CORONA - RHYTHM OF THE NIGHT s√≥ que em PORTUGU√äS dublado por IA,,denisgomesfranco,41,0.87,10,1702041342.0,botecodoreddit,√âtica em IA,praw_search_all,all,2023,12
10qhwhd,T√¥ vendendo,,donodoboteco,36,0.95,6,1675218081.0,botecodoreddit,Treinamento de Modelo,praw_search_all,all,2023,1
1l2ma77,"Bom dia, grupo. Um salve do Nosferato Cover pra voc√™s.",,NerdDino,35,0.93,4,1748982117.0,botecodoreddit,√âtica em IA,praw_search_all,all,2025,6
1hzy4e0,"Partidona, procurando um amor",,Tonho_O_Faxineiro,35,0.96,12,1736718948.0,botecodoreddit,agi,praw_search_all,all,2025,1
14fpx4m,"Aviso ‚ö†Ô∏è: se assistir isso pode te dar depress√£o, trauma e etc por que o acre quis copiar o Dollynho ",,the_incredible_bruh,34,0.96,10,1687398168.0,botecodoreddit,Sustentabilidade da IA,praw_search_all,all,2023,6
1b8r5t4,Bom dia Proletariado! ,,modterror,33,0.72,10,1709806402.0,botecodoreddit,GPT,praw_search_all,all,2024,3
yxdgjb,Encontrei teus pais na rua hoje,,modterror,29,0.97,2,1668650858.0,botecodoreddit,Algoritmos de IA,praw_search_all,all,2022,11
1aev5p6,Epic 2014,"O v√≠deo intitulado ""EPIC 2014"" √© uma representa√ß√£o especulativa e fict√≠cia de como a m√≠dia e a tecnologia poderiam evoluir desde meados do s√©culo 20 at√© o ano de 2014. Aqui est√£o os pontos principais:

- **Desenvolvimento da Internet e Tecnologia (1989-2004)**:
  - 1989: Tim Berners-Lee inventa a World Wide Web.
  - 1994: Funda√ß√£o da Amazon.com, estabelecendo um padr√£o para vendas na internet com recomenda√ß√µes personalizadas automatizadas.
  - 1998: Cria√ß√£o do Google, usando um algoritmo de recomenda√ß√£o baseado em links.
  - 1999: Introdu√ß√£o do TiVo e do Blogger.
  - 2002: Lan√ßamento do Friendster, um dos primeiros servi√ßos de rede social.
  - 2003: Google adquire o Blogger.
  - 2004: Ascens√£o dos blogs e outras introdu√ß√µes tecnol√≥gicas significativas como o Gmail e o papel eletr√¥nico da Sony.

- **Ascens√£o da M√≠dia Personalizada e das Redes Sociais (2005-2008)**:
  - 2005: Microsoft adquire o Friendster.
  - 2006: Google combina seus servi√ßos no Google Grid, oferecendo amplo armazenamento e largura de banda.
  - 2007: Microsoft responde com o Newsbotster, uma rede de not√≠cias sociais.
  - 2008: Google e Amazon formam uma alian√ßa, combinando tecnologia de busca e infraestrutura comercial.

- **Googlezon e Guerras de Not√≠cias (2010-2011)**:
  - 2010: Googlezon, uma fus√£o hipot√©tica do Google e da Amazon, domina criando not√≠cias personalizadas usando algoritmos.
  - 2011: O New York Times processa o Googlezon por quest√µes de direitos autorais, mas perde.

- **EPIC 2014 - A Plataforma de M√≠dia Definitiva**:
  - EPIC (Evolving Personalized Information Construct) se torna a principal fonte de m√≠dia, entregando conte√∫do personalizado com base em dados do usu√°rio. Reflete o √°pice dos esfor√ßos do Googlezon para filtrar, ordenar e entregar conte√∫do de m√≠dia.

- **Decl√≠nio do Jornalismo Tradicional**:
  - 2014: O jornalismo tradicional, exemplificado pelo New York Times, declina significativamente, passando para um formato apenas impresso para um p√∫blico de nicho.

O v√≠deo apresenta um futuro onde a m√≠dia tradicional √© superada por plataformas personalizadas e dirigidas por algoritmos, levantando quest√µes sobre o impacto no jornalismo, √©tica e democracia.",YuriNasci,27,0.94,0,1706638627.0,botecodoreddit,Algoritmos de IA,praw_search_all,all,2024,1
ydeli5,Emafrodita - Mamadeira de carne,,donodoboteco,23,0.93,2,1666729053.0,botecodoreddit,√âtica em IA,praw_search_all,all,2022,10
1ftmxnw,"Ser√° que conseguimos aprovar uma lei enquanto tomamos uma cerveja? Se conseguirmos juntar 20k votos, esta proposta vai para an√°lise no Senado.","[Vamos proibir propaganda de bets?](https://preview.redd.it/vaupur5225sd1.png?width=1784&format=png&auto=webp&s=8589f211e51ffaedc9241fe9b29e919f44544dcc)

[Ideia legislativa Proibir Propagandas de Bets](https://www12.senado.leg.br/ecidadania/visualizacaoideia?id=192680) no site do Senado.

[https://www12.senado.leg.br/ecidadania/visualizacaoideia?id=192680](https://www12.senado.leg.br/ecidadania/visualizacaoideia?id=192680)",Motorista_de_uber,22,0.92,4,1727785960.0,botecodoreddit,Sustentabilidade da IA,praw_search_all,all,2024,10
1hbd9tj,CONCURSO DE BANNERS DO BOTECO ,"Inspirados no [concurso de banners do r/MetalBrasil](https://www.reddit.com/r/MetalBrasil/comments/1gjvgeo/concurso_de_banners_do_rmetalbrasil/) decidimos pedir a ajuda da comunidade para criarmos um banner que sintetize a cara da nossa comunidade, assim como no post do r/MetalBrasil, aceitaremos o m√°ximo de artes postadas nos coment√°rios deste post com a medida m√≠nima de 960 x 120, e caso tenhamos um numero m√≠nimo de artes para chamar uma enquete, o faremos para que voc√™s votem e escolham sua favorita, podem tirar suas d√∫vidas neste post tamb√©m!

Se flopar, fingiremos que nada aconteceu, se vingar, tornaremos isso um concurso anual no boteco.

obrigado botequeiros!

https://preview.redd.it/y0acnc91e36e1.jpg?width=640&format=pjpg&auto=webp&s=8ca474eff31ad9caabe077a77b91e95ad3140a06

",modterror,16,0.94,14,1733867266.0,botecodoreddit,GPT,praw_search_all,all,2024,12
1dspwsq,O r/botecodoreddit √© s√≥ pra memes e pol√≠tica?,"Como vc resumiria esse sub? Porque pra mim eu acho que o que define esse sub √© ‚Äúuma embaixada do twitter‚Äù, mas pode ser o meu algoritmo que s√≥ me mostra isso.

Pergunto pois eu gostaria de algum lugar pra fazer algumas perguntas n√£o sobre pol√≠tica onde as pessoas tentassem responder de forma um pouco mais elaborada, com um pouquinho mais de opini√£o pr√≥pria e argumentos.",Traditional_Poet6926,0,0.27,20,1719830593.0,botecodoreddit,Algoritmos de IA,praw_search_all,all,2024,7
